BTC,xpub6BxmBCuzf3H3PF2NHed8LLNsVaq6Xu4EVSTmpS7H2pV4GV7R62T9V59AoPyHVgnWtNnFENJo2hu4P71PmSTa1fQLDxd3VzEgURBwwXeV61r,p2pkh,m/44'/0'/0',0
BTC,xpub6DMBWeVvhoiCZs9tChSbRpeT7aqJZMFEcP6k5q7PA8QyfRppH4aZKS1p766kKzb8ML6yH73obSr2qY1iATgjqVitbXpymwNX4T2h5cfJsHq,p2sh-p2wpkh,m/49'/0'/0',0
BTC,xpub6DQYbVJSVvJPzpYenir7zVSf2WPZRu69LxZuMezzAKuT6biPcug6Vw1zMk4knPBeNKvioutc4EGpPQ8cZiWtjcXYvJ6wPiwcGmCkihA9Jy3,p2pkh,m/44'/0'/0',0
BCH,xpub6ByQVfUXLqoVjL1N5HW8CctsAe3U9Z4DyDeyhVMXhcCmXNa1PnAx9utb8TC7RshB65tHCF8CV6XH4QmQ5c9r5k39fmcaLRPqgGaELBK6o7G,p2pkh,m/44'/145'/0',0
DOGE,xpub6CREgkL1sy1E4Kpk9ZFZVHWR8pMpAe7Keo3vVgyscXQoVnJuL4tgpnvJKJyUgLK6qVUPPGiD1M6bcdKcktAvLBDSkc1p35TtYP3UAuv1QsS,p2pkh,m/44'/3'/0',0
LTC,xpub6CULQC6LFKXH3CQ6hmVTsov2zbkqh6NsoyvL7WgcbbTC4JkYH9uG3WT5XGox8YFvhnswmWZXqdvxsMvLNnMARTiGRRAtBBwrLbYMiG8TgLx,p2pkh,m/44'/2'/0',0
DASH,xpub6BxxBhEzmiwSxn3LstHhx2E231krUACw2bxKA4AiBPaw6tb5aobCxwG2nURczATD4wEk8BwKqKX46rcVbLnYqwVgaqz7buq1KWDzajL2V3y,p2pkh,m/44'/5'/0',0
DGB,xpub6CiK2mKmvcYbHPqJcfirvVNiw2wd5xuQ2WzYZXwkd9Lxqse55CixNKKomMdVWm9YihNrdTR6M86WCfDTYcXB4MsNGsaETt8Ay95Ts8HGkZh,p2pkh,m/44'/20'/0',0
ETH,xpub6C6JtAiSSs3PYUQdk3CtrRjymAhamcoZdex1RsxG7rxqPpaXLMHKr5uzE42r6buVKfMsPTyfjUE7FeX1zheQBoLvX2cQimS8RajqLXaLSeh,eth,m/44'/60'/0',0
BCH,xpub6BiRiyxCFB1B7KhLDGLo5kS6sA6394DND5VetYYBDAgb7MDFF25CSgbWfYH144BzdvtSkbZeNFJmCxJ1M3byQr9yrmZSzUzagnH3qQP73J6,p2pkh,m/44'/145'/0',0
BCH,xpub6BjCvKdpPGfxYMwjEqvo7KJjkf3q7tXQ7UzpKq4e1dP2L3f9c1rrVEfPhryG3jNbqQJ937Qw4DcbyJYsFqPPnvTcBsybsXLxLKNcH2S1r9D,p2pkh,m/44'/145'/0',0
BCH,xpub6BoaLvoycJt475HKhMo7ivJqd8ZRiBjkZ9bosz7iKpePQ8SqdeaEhR2wshMxob2esezjgWVeqW7TGxtNLuDGr5u1pYG4XytrgxptP7vf36i,p2pkh,m/44'/145'/0',0
BCH,xpub6Bxs5gGTH5B6vNFwk4WX6ryVuXvASk1ArewCfo2k5fuQ1ya2BYgymfCexC5g7yddydxJdtanfr2a6jy1fkkUapnC2Ecz73zLy5ZK3voc66D,p2pkh,m/44'/145'/0',0
BCH,xpub6C3KAgrA9Uu1rBvzAtUhXhthPkav8o19nmqY1bvsb3V88Kkq4YP6pfgHcE1n7qb6uNJz4Lo8ZhEuvEd5R4f7ribrCB2FNqiAX2v5maf2tdz,p2pkh,m/44'/145'/0',0
BCH,xpub6CoddsT8P1UJSdtkAwLjkDDZQrk4m7fZyknmKc58WnQLBSWXqAAxegGwrgugcUpoMzY53d9ufhpVUKwyYVosjAcF7K4r1pDumJG6DkdBdzc,p2pkh,m/44'/145'/0',0
BCH,xpub6CSKFnZAwnVEEjRGSUvbTRxpfErotf7ScNpqpppksUS16nXwFCQrPZnLknh95pZKbWbP1xb8ZWAZa7WmCZcsq1tpLVnhTZevfMiU1sSSUo8,p2pkh,m/44'/145'/0',0
BCH,xpub6D4c8xdkaB9VbdbYnLoLEhquuqacW2tywzAjdrAWuiDSX8pP2QBzaqGEzdCpKpF675Gf8urQ3fwbjCRSdYCvP7fnfa4RJCkbZzUAhMP8eaz,p2pkh,m/44'/145'/0',0
BCH,xpub6DDsZqsckx8ogBqdRWfxSag9LGY6LhjuUxaAddLDQ2rVvtNt2kFhKzLqgYCQV1qTsFgxSp24foA8ie8xbLgyPw4WRszrHMgp6StSrJTXtVB,p2pkh,m/44'/145'/0',0
BCH,xpub6DF5R9Y5Fmjot4EqbU9Ugr6qBJox9hqL49NMYGk4Jk4mkM4VwNEW2YtvrazBkim4CsLWBT9omXH2ev6nuFWgW2jy3UELAS4AR2KK4g9syQ8,p2pkh,m/44'/145'/0',0
BTC,xpub6BhiMhUKkSzpS35Fm59JovPBV8kqZro6drKzjKnC5Sz7aZDyfW2vSVA9LDX19LBi74MQdF8xQXDMrfqar8S3rivphY3jshbjm3Mt3kom9qu,p2pkh,m/44'/0'/0',0
BTC,xpub6By7YyiWqqynTDmiEhKtn4rHohHfJEte5cQoLTiBrTZuDBbCetrZvqbnebVPAUpWcmqcBZLkbmnwtU7obNPBC2Lox8gZU37Fnn2d4gzFTEo,p2sh-p2wpkh,m/49'/0'/0',0
BTC,xpub6ByEoBuJNGLbPdk2pgcCksQZStuRNGsrH4CE8rrpbjC8vSaDch7JPohSdqmuHa1F5RsdJsAWfGRq8RX2KjyG9rsizXCfFDiT7Wv6joKDytQ,p2sh-p2wpkh,m/49'/0'/0',0
BTC,xpub6Bz5wBTBEV4YGoaRW4j7o8Ea3wgpkuiExwthnDgHxHQRYTmmJd1Xy6PwixWkaKz3XgcfPDnFHcGdaBUfN1iW6i46CpGw1kBPkmNiHgSF3pp,p2pkh,m/44'/0'/0',0
BTC,xpub6C2KnVmAzMBXB35tFLNzfc94N8DYLt2x5g87hRkWHHSHAhUpVoECa2cByobVenJgNAyx3zDRoN5Zpxa7RAFwrykgTJ4sjk9cdcVMoiXbxw8,p2pkh,m/44'/0'/0',0
BTC,xpub6C3CvHJ1NnQqGLsv1yajXuPP4CNRj3nBc5j8MKwZifgrEEkU3eYVvSs8Ny3qUf6xkJaePQZYC89h1Vd6KVa3Qygysf6sLj6abpPqHbHVGU9,p2sh-p2wpkh,m/49'/0'/0',0
BTC,xpub6C6tu94F7FQDaMjp5Sj2ukjr2DtnbFJne9yVjhfMvBJQajXZfNgqPXTG8tnDEmqdn586RhvbfBz9wraLfPFwsREgf75FaSfKa6Dt9ymRYkR,p2sh-p2wpkh,m/49'/0'/0',0
BTC,xpub6C7RDqXyzwniEUov1CjiGDrnDUtGxD9yGdyJq4sdu3zioyxrX2t2FX5CmM7Cd1U1MPZ3iFdGtPWQaE2GqJrXSjKMSAqYRhY5NYP1HPFmUdC,p2sh-p2wpkh,m/49'/0'/0',0
BTC,xpub6Chd4kunDV37PJANQzakXojBEUvjfvWk9ZoPuKdc5bDUwFbnA1dd9aScszzcNqzTEMXN9Qor5v9opipuNQf1EVxjdZPs5A5YwuyxFGe4AGu,p2pkh,m/44'/0'/0',0
BTC,xpub6CiEbqQNKA3QXg151d9s5AeTgiBcuzdDAYNrASesJLknNgq4TrNucyKKRd37MT2gvfvxQyV2dLwP4SeNxmKmkvr1F5Du3bTWSmaus9iVgYb,p2pkh,m/44'/0'/0',0
BTC,xpub6Ck6Gax6jgfhNpd5EVqAh2etG9KTNHbTGbZikjSX9mcn8bZCNttKe3jymtCainzGVRzqmpxpEqJjuABpP5JmwxjkGvaf92zpirb7pQ96ZSJ,p2sh-p2wpkh,m/49'/0'/0',0
BTC,xpub6CpzY8DZCvYewHUEUnH2xZ4hZWLDyavVZTsJ6VCW9TkHF99LrosbLC4P7Q8xx4nA8mQCgXA7znqcdfkjBpkrhj3QCX2SBn94AZ97BxcseWt,p2pkh,m/44'/0'/0',0
BTC,xpub6CwHpdfs13U3R5ZFNteYcBpVF5qMVDxo1Kjb9i4hgkLiBEBBPQbarDyujVqmYZALhmtLZ8AuCm6L4HNS3g8cayaREdCo91VbukWK1r1yh1D,p2pkh,m/44'/0'/0',0
BTC,xpub6D1kGrqhxnH2UGkMweMexScFBz7sJQxpj1rPSdgu6i2jhpmfFrdtkw23Sd7Qx3hS4TQnAqkLUArDChAcGJCgSYPBEnsSowmtEXi9Lqcr1WA,p2pkh,m/44'/0'/0',0
BTC,xpub6D69Bku2uco9nfa9iE2gFt9ev3WWTFeLvvsxweLCxPPQx1DLCcUfHbWxi87i3eom5MmesQm3TYQBzT4WVbs8u8GMhLniqgmg4PfFz1GY4Mh,p2pkh,m/44'/0'/0',0
BTC,xpub6D7v3aMTLmj4MtLMjnh2USSdDkT2rSoS8vkETuTq9iVmgqYhPC6dHLjH8C9R7fANBaFDYDz22Y73UC24iWb5P1zF8YYTi2cynZBNtFb9nNJ,p2pkh,m/44'/0'/0',0
BTC,xpub6DAkb5QFt6zwkazNPL6Bt8hHyoQwBwd4eBSJ2LiZryyjRC9BYGzD9BoJZcU7effSRkLdayjA45DDGywVbno3JZx1haUXaL4YaucfBgYarCN,p2sh-p2wpkh,m/49'/0'/0',0
BTC,xpub6DCdjaJtnCLtJXTUbyDHqN6fcC5nL8d9kugXpDSPSaYfotnkCVGbJ1rW2crxB9oQRY8DJYWKkuzj6RvTppU9Attq1S4g6mVWPAmC7w1dp6m,p2pkh,m/44'/0'/0',0
BTC,xpub6DCUP1TxZeJmiaVVXa2toCkrASDVyt5HeZT9GnEzC6kD9aTYystoqgZAUUmiAkedrVmTpLeZsQWCk9MwFbKhJ8vyqaUnqBLDzCxjgYHcm2k,p2pkh,m/44'/0'/0',0
BTC,xpub6DExuxjQ16sWy5TF4KkLV65YGqCJ5pyv7Ej7d9yJNAXz7C1M9intqszXfaNZG99KsDJdQ29wUKBTZHZFXUaPbKTZ5Z6f4yowNvAQ8fEJw2G,p2sh-p2wpkh,m/49'/0'/0',0
BTC,xpub6DGorPezfb4aBfCmHJc6ZjwrTH9nNasgjD2DwMMYv8qRF2RU4ZNFYDvbo5UGCoioanoqcPoU8Lc1tUF2fsTyn6ntSV7puMGWyuaob1CYyLX,p2pkh,m/44'/0'/0',0
BTC,xpub6DPzKSWrxZCShS45Zd2eEZvc49FYa4XkH93kR9p9LkBH2qFAKHz3QZaiF7e2CreNdqaMuE8QFU6ALaCJsBpGDL7HgyrTpfLan4XXmLf3RA5,p2sh-p2wpkh,m/49'/0'/0',0
DASH,xpub6BrNLgcA9ascpbfWfvwPko6UDNnD6zQMmNvikS4HjfHaUji8tLn1uf96jPQQwjT2iVFzH1bjPSUqPjEWCi3jamSvpk2ys3Ps1hyenb6yx5F,p2pkh,m/44'/5'/0',0
DASH,xpub6BtESdp22oMaYywCQK1N5RWiXycbRVJdxiafdSochsQZds697FsAinpZdwSA9gFtkxWHbWi4u7PESLZj2sDcWggeaB2ZetRsp9BifncAQjK,p2pkh,m/44'/5'/0',0
DASH,xpub6C2mPUada9jXAqPdsRj8tbDuC3Z2zwkJwzsvRhkiaJPvzNbpw8BbqjRFLXj2qco8UXXRbHE2EdRNJCmquf1irGMkzSqg2HVK6geU9AVXGYw,p2pkh,m/44'/5'/0',0
DASH,xpub6CdDVHizHpzSZSVFZ9VcvQayFFrpyZ7PQL5zZ9mpsLMNKpsHx31Hjza4qVbq3bYTbufSrRtiLodBSvcSe1vhYmgLswasvEjh4JoMQy9rhwc,p2pkh,m/44'/5'/0',0
DASH,xpub6CeTVajf3ptzhfyECaQf4isrFm8QJk1HmzdivwdDSmPH18FhiisRkDxoPZqKGqSUD4e6wecGyUFoS6XcosqTrKXmn6qw23APwjv3u6gq2GF,p2pkh,m/44'/5'/0',0
DASH,xpub6CFnp2Hk5rL6Si2nvVhMKtb49HKeFwJ7R1Z4gjzcwMjYtuLGrV9QazyKMNF1aHazMFRwBXHD6FNKMtLL6vESouPDZYpeWwzAdsU4zKX69Th,p2pkh,m/44'/5'/0',0
DASH,xpub6CgJR8WZwXkWTcaV9YGRLMA35xksDuhJ6V37BpkzTYk4wLkzevL4tHqXT91ZYf8Ljj6C3Y29Aavk6omogMkMgwD5AM5AjUqyTJDqXfLCzuC,p2pkh,m/44'/5'/0',0
DASH,xpub6CoPfsoXGRACPYyYQcTagtBGMKH7Tot7WgDqciow3M7am4gDPbyaV6oMkU7Uiz13ziGfc3hSifBS1L24Xo1csfv5TpSE2VTEYTyQ4WqPx94,p2pkh,m/44'/5'/0',0
DASH,xpub6CrG3Y19xWW5TQRqENpgcCKK4wuXubmigzyF1XuxbX72YLnsfQH6uHuFrBk3TfjP8ftVTi58dY8HXfVrd5gjJ22XmDFdSbTgsWDa2AprETe,p2pkh,m/44'/5'/0',0
DASH,xpub6CV33t7RPkMtrV5PHkZa1MuhxBXuZEzpmo6jVsjdTseFrnEc8JGYkN7Cb8EXkw4YPXfB9zMV2xVpjbWsRPiPtvDEoGQfE29ZZMAdKphT964,p2pkh,m/44'/5'/0',0
DASH,xpub6CyfnSfWqfKbZcFoizqs2PS66KUXhkGiEzfaAm3zVvGs1hUjKGXsC7FxuUqJxZ1DXzFnnjL2DvbqNV6QWTEfGYGRHmTEM2YLugZQZCVrbSj,p2pkh,m/44'/5'/0',0
DASH,xpub6D7xX3njQvw6grTwCKgwToDvksgs5HNqRmNc6bJr8CLTdqfozoNk3JM8XPa5wuctDZdHPBzLsfNM9Tt9pDFpt8cSLXA45GvFUG5DXJNGd1N,p2pkh,m/44'/5'/0',0
DASH,xpub6DFqWfjxkrAWRRq2dhXDKbnLn5KcDQeDQrrz6fFMqX5hQKxQZ6FhovSYVtvG26Kos7Wnfzg5zYLPWbo4rMxZSNuCtkYJVqJ2BqC7KpWcq24,p2pkh,m/44'/5'/0',0
DASH,xpub6DP4Q7mZKsgS4zskAJCAAj1XdaE5XXGYeeL2f5D6nRuyb5Y11651zN61wkLhy8foueAoh1psKoXNqWYJtgN1Wb28okFxDVLAWmjfTb5QV26,p2pkh,m/44'/5'/0',0
DGB,xpub6D3khFBUxrUukVdBuQxZxBuuTNVczHE47ucxYsjNZDvKYUAEGpkEujy37zHjD44qbjd1e4zkn2AHP2PYdP7Y58wPvGrW52fNSDKbvBq7eLz,p2pkh,m/44'/20'/0',0
DOGE,xpub6BroSTsBz7Pugtw66TDfbwmZEv3Mvo84WSGXdUT1wbHtnkpFUR6BTSybF9ByYLndtFLeZn9BhpLJNyn6oSa7h7fbwRMp7fY6BX4jhX84AML,p2pkh,m/44'/3'/0',0
DOGE,xpub6CD5tKekJxjoEfzUMqdLzbkz2XFrNGezU11wyusTuM4uffcyvaQAENE2Jz7Q7yGmM3LjLA5o256gW1RoPE2CFBeZsRjAkyAWmgxdhNPpddN,p2pkh,m/44'/3'/0',0
DOGE,xpub6CkEb3BZiCPjJeEhBU66XMVPwu1bWjq2J8XCUfccoJjpWHuwLL39WB4XMvHNoehHz4Hm4Z58Eu79wXpD18fgQUPrLTtAEhKdmoj9Vaer3dL,p2pkh,m/44'/3'/0',0
DOGE,xpub6CNLCb2XisP5Zrx6mTrT5FsVZfN53Lv2ZW4ZyHnngg2BRiTeYynjduKj3AQBP2tWE2tVaViZgsgwifDjFWz4SKPGXrLuMxLBCcKdHtSnsR1,p2pkh,m/44'/3'/0',0
DOGE,xpub6Co4F77eJhAQmwo4rhzEeq7EXNqLcZYsXZ9dptg69gn15BW6wTskGJi7fDDRGQViJEEiUX1W2Yyk9dTUhqBm5o3YTuERhSdkQ2bcq7wNx7i,p2pkh,m/44'/3'/0',0
DOGE,xpub6CRhT4uG7YjZstjSqADE3DsSKnzVunmAkR6RuRnWWSusSrGXrvWfUs2tRZquXY3yLcyy5paSwrSpc3YEjUw9pKtgSBXiRQ8AiVtNPEUu9GB,p2pkh,m/44'/3'/0',0
DOGE,xpub6Cyd8jixtiunFz21vy3Y6UHTdtxu9chYXcjzvSbSSSsmjpGSmAGw3Etu6BPAXxm7dvY6ZERGisHma3nwLTjioDuf9cH51isWY3xw4n4FyLU,p2pkh,m/44'/3'/0',0
DOGE,xpub6D5FD3aEWrpHGSkPbUT8GzJYywtw2FrwK5tFQno7VwHpUK3aCjUZD4DDKsTDtE9G5iXsT6VaDN64NRmhteDTGN8HJ3b7G9cFCpwrx6rGrLv,p2pkh,m/44'/3'/0',0
DOGE,xpub6DAk7QJMUW7okyCT2RybxbMrotj5UWmQtxft37Rrty1gZsDM8PYwrEkrgS5TYNrAS43tVYZ4iBn1JjE4zRrv4sk61U65FoKeaKmf2dCHdJ2,p2pkh,m/44'/3'/0',0
DOGE,xpub6DB2ES6MHh21hCyudFAVi2A3epinboHb3hAcaU9eBgQGo8jy9r5b5JKNtv7dFSg2snVFuzkrkgaHESFmDU57Mf7feC2zowdibA58ANZ1F3p,p2pkh,m/44'/3'/0',0
DOGE,xpub6DGLMAnZ93qtuZu9frtiGp8WYE9Y53tmGyiioTRwsfcoykwkfKy6KpKEmjNAxa1DCqtPGuzXuUcRNG761HTyHgJjgt8zVAK78PcZy6CtUcB,p2pkh,m/44'/3'/0',0
DOGE,xpub6DMDyQJcvPv25gfQj8qdgvNXP94LcZepR6yAhCobWYD6yPsLvmLj1E52tcKcGXuN29Rtfxeh4wRNKS1phpxCpaXCXt3DpFhitNTUxtWz13d,p2pkh,m/44'/3'/0',0
DOGE,xpub6DNtpRkJVzgEsRTZpiJwV81YfKZvidKMrX5DF4igefEZdQHMivwiUD23VnoHEKHncfbY6rfohLHTDD7ryTdJrz1sTqR4f8MbeN8pKSDw6dc,p2pkh,m/44'/3'/0',0
DOGE,xpub6DQGdTi8PLKvTacBvK2AbRx3XrgmriebEbZo9iL4i3oFyUFNoe4CAou1vtu76dSrLRm6o9QwjShd2fzCeXaupWRmQ1ZYPhqQC8qjKrrUViG,p2pkh,m/44'/3'/0',0
DOGE,xpub6DULfaLqSSux6XDov9bXaGg3f4ZKTKsRw4iQzfU9RL2hi3745Vo23Ftx67Ak41CaFtzuUJApAuvBDk1p8g4yPjqXHtcKDRMaJfwET6MxpXp,p2pkh,m/44'/3'/0',0
LTC,xpub6BgrNCF4BrYv2iXQuBc3CX1JhLUzWMohWUHeJwmMKq3hfENKrHeH3gUeX5bhEGa7EYLAXkh3xvLyNX71ffMLmxtH1SeEraebfuMZcXaWoGn,p2pkh,m/44'/2'/0',0
LTC,xpub6BvkFUCEbqHGE3nkTtk7NPdAc8QtwGYV1DhGAD5hwoN86ZtGoVWwrawgbczqGYVBSbaR3CNbPbd1YubRx6yh7vuiiFnQjqJB1fFfFSh24LE,p2pkh,m/44'/2'/0',0
LTC,xpub6C7dATBMiGe4wZjT9crRQwdpZAa3uA8xcQYYeX6peCZKPUmYzBG3M4TPgYrsK73jsHaApPwEnVS8aq2VZCUT7vLx7eQiyUsPf2TVFpg57oT,p2pkh,m/44'/2'/0',0
LTC,xpub6CFQftGY9Fs8FtXh5tUt3RP4v3CkQwovuqnHUTAfUziCEKCKQHeUMsH69EVPg2Azg6NkoZiC27S2xHSPF4YyCBwzp9MBeTwoYyXGNi54sPT,p2pkh,m/44'/2'/0',0
LTC,xpub6Ch15L1je5HLYGm3cqeckasXZPMpTXqh1uyUXmfDXgPjHUKG8CJeete7DUUSvngQsKA2A5ZL7YgkDkCpN28TPfk47T1fg3bJfc3F2FUEQ91,p2pkh,m/44'/2'/0',0
LTC,xpub6CMgmMgKJzrEdRQiR2gSNTDwpqMXCUwvyBUaikkrcArpYi3UYxe96gx8fgQqAJ5oo4pu95BSDbATTpv1rvHUuNypamJn8n4BYEns2bwbqtk,p2pkh,m/44'/2'/0',0
LTC,xpub6CpA8rtZmdNm7rmymWGpYgovpPeCg8PkDrwiuxScZPFrL5TGtdZphBkS89o5U7oW6aCnNwXtvQcbg4Sos3PzFY1D5DHzc6Fmcfr2jsNWoUV,p2pkh,m/44'/2'/0',0
LTC,xpub6CrDqZtHtpeqTZbyuNg9x2cKbMxgXbxGWCfwZgeZLrp8Uhrjod42HLcKyLP7fRPYYD6GrXTjap12JcgGGMgyEEq54hD9x8gdD19dgTekyhC,p2pkh,m/44'/2'/0',0
LTC,xpub6CVE5jBvAQFwXJFbw6om8yiboqETqRvbcUMpShEeHFgUPGD44kEXUPGdUANZwDuT1eAUnsAjNrF6kbNtkzku9zhNs3SJQu4u31qP22hbVDJ,p2pkh,m/44'/2'/0',0
LTC,xpub6CX7cRuLu17ZgzEfcDZK1rzPywPPJLSGu5tLzymxDbUobuBfuMKFGgbn8C6KkCKzKR3SHUJzX1UHVxkN9c3VciucFxtRVd63eoSDiDtbNEy,p2pkh,m/44'/2'/0',0
LTC,xpub6D9LVwRADsmRgHYHWufCQyLwJgLZLMqyyarpxNav84N35fpFvcD8SSR11Lmz44qNGyVnq4yVpEKL9tEyK1d7NwhKYUGhToxk5SBCTheWuyV,p2pkh,m/44'/2'/0',0
LTC,xpub6DWXi9Yj2apGw8egKYVR1y5Gu7YBJH7pfFhLh6xPiCinjX8UzP3n1fqo6vRQ6tB1MBmzgUy3m42cT5hURhGxQF2Ru7aEGZBWfnSYw5VndTE,p2pkh,m/44'/2'/0',0
LTC,xpub6DX8MQTgnpk9vfqpKzJu1TzXBRswdu8yc6kL8nmi9JVbyVn9Fqu4qwhaPMuSTJLhcYbAXcp6jmKnJPqqsQNW2TdWoxXGZoZwGWcxwdADawz,p2pkh,m/44'/2'/0',0
LTC,xpub6DXQJaiqzHJ24ao9cmLmkRQ7s4ciopwkQ9QwB5epCdLnPCdmSQ3fkTfoCpQoEktKtzrgrMqVkWz95p3uRWGqWMgpBaukkFcxV76XhucCV9t,p2pkh,m/44'/2'/0',0
ETH,xpub6DXRCBtj5qTktjb6gtGNBEHTkEKZpLcEDP6dXDkV5KMjbqduxGH9pyc5XYoFNCUQxEToZtmE8zgX2sjWodNfDcP6VwJNRUSYKN6257mq2xM,eth,m/44'/60'/0',0
ETH,xpub6DSCqYppoa1nvrGsLvZQNgxMhSn4YnPiBfmzvBfDKJfZd1QvVEoSuyX8hdUAiAoAt96N8HSb851CLjd7MGmhEuWkMrhrAdViyLVw1N6rsmA,eth,m/44'/60'/0',0
ETH,xpub6CczJz4Ykvzqg4jjGP2EpZxtiDvQBH5uZR1J76c4ATT2pJimKWDRPwCs7p6LuHkjGmzxsZ7YtsRMztyBgktWBCoxi631hYG182a7k9WBgnb,eth,m/44'/60'/0',0
ETH,xpub6CBH3kZBHtVYDrR9ipnZA6iRq1AwxKoJdkS2t85GrhqmB1cw3nF7EQ8dq6B5Nh325BC262UYFrr1qUiZ8HDuB6XxXk7RbbFdb6UTdNcCqPt,eth,m/44'/60'/0',0
ETH,xpub6D1RXrFSnD7Rzg1fkT4wBrDwok4cJrgYwsRYBUoBw9azAwhVmNQtKMESo5zfSKMGLVBHzK4W9uaPtcchtRatWtcQ3foY2r5hHzTDWfkj62i,eth,m/44'/60'/0',0
ETH,xpub6Big2iPYZde63s3RNpzQRUsHbUJeN3L6fimEWM6snBFBNFWzeGWbwxHd5dd5hjQrgfwqr42TH7U9YkN6iFossYgzhTQVZpX892XKALQnU5v,eth,m/44'/60'/0',0
ETH,xpub6Cm26uDxDr4DUtTTEL8fL3XxwwhkM8DkHME958p5Z4SjCzdiUKVE6KPPSEf5wG9A82HYiAxyBQTryDL9ShoTuHfddaoXWNAHJLb2pfdZeP5,eth,m/44'/60'/0',0
ETH,xpub6DR5mgcQ8mobWakWTKAyHEx1NnqFc6vzhgV5YxTy3ATcEngSvRc9gvXsWPTsSK42uzAPAdW2GhfUWoz4eQ27rhi7CFkhzF5zquXKgFDpAFz,eth,m/44'/60'/0',0
ETH,xpub6CWAcUBiN4LxnN9rrMyNgJiEcuDs1GJHzQ3sM2NJmCMnuVknzH8KhnETPXxg7KtX2GeUY23KNzZvfexP16z4nL1MnWp5pQQhjkst1tksD5J,eth,m/44'/60'/0',0
ETH,xpub6CYfWL6MEkGJrpzAmQKdmhKv12FZFcnkgVVovgPehMFStJGyHquAmonu6ZnbuDcgH2ey89cuuu8YXsiTPJCfML1P9VJHWMwSeoWg95Ppe45,eth,m/44'/60'/0',0
ETH,xpub6C3YYiZ7UbyHiRHwQhTThKUokdCwm2bbrejq7uCgo5YcU9cUnoirixX2xwbs23uPBK994ginmwsvFwqfbnKyjyeTMiStiPd9H4LesEE5ZWN,eth,m/44'/60'/0',0
ETH,xpub6CrbpoaGz4Zf24tqm142U322Q5XsSfJWXBS8RN3VoMCxxMJS26Nu2u29Q9dRFz547VD13XN1hXfTLTPNhiDNDABewZt48579hyanuDftJjN,eth,m/44'/60'/0',0
ETH,xpub6C8SC5JWnQATB1iVyZP3mH6d5oHeovdKkH2PzEGPcWeiisL3avBP5yMXSxiWe6onwZSHi1mTeUdWCHGng3mvWYA15svD6kMCYZj1XGqD4RB,eth,m/44'/60'/0',0
ETH,xpub6ChcPWSaeysJq7ppAxU2WhG9esbJpZfL3P8Q3nicuu2X6HHtHNo2pQLgbYyna42LETdwPEkr24pZhePTqrcR4Zcbpcrjrd9EyTJFBqW2geA,eth,m/44'/60'/0',0
ETH,xpub6CgXW4fUDzbJdQHdd5wFLVzKr2aZd3jHFuzQWRBpkUudpnJ5JWBn6Z7r9bDciWfWQRt8t2qDMjhncoYKB6zTTqsSpxAasAERFroNaFThXjq,eth,m/44'/60'/0',0
ETH,xpub6DDXZRMX3hsawHbmrQp9wtain1DhsoKhcZ47WHBu8GFXbzYfewe1xfnANNsepGzsdjYi6uo4pPaBmCYiSY8XBxCdvxknTDX7wTzGhrRsUeF,eth,m/44'/60'/0',0
ETH,xpub6CnUhEPcHVDEM418rAXYmFyV7PEjZSdcDvFkC4kwJRbdiF6kdzBKCwVfPuoDVWpF9F33hXA2piNW8jcczzoSH7oh7bUVL8L1q1cbCne2WQV,eth,m/44'/60'/0',0
ETH,xpub6CaNJKLNyTZLpywqM2yvU4pSCtDmZkkUuTu5rLndh6soLTrh7aKGYBQv9vgawZXywV9uuBK9D7iCzF3vzEEWpq1fUG8mzqtC2peUb1RqFYQ,eth,m/44'/60'/0',0
ETH,xpub6DCoDXpFKhaakjhujaejTmY7nrdnK4BXeBPv7JqHSrsbLV6q5Qd7wprVzC3Xy1xyKyNE9mcnT3UBgTtpKugS2M1QXUJtFWtDFHpTS81Y2ji,eth,m/44'/60'/0',0
ETH,xpub6DABdXfpnGWih3aMLYJzkt8opyDo4xKYDxpXgnSDtrACW5QAxGGXhvMmK2ePq3ysgyXBUKcf4DLgo6tur5u86yz2cLyBbAaDP42S37jP48z,eth,m/44'/60'/0',0
ETH,xpub6BuJd4uACysgrqaUbbbB37TU78HTvhX2E6YoBYJghhJVTThQd6sKch3Hj4MbVZrLHr1fGfWrwa4CfauvycYhXNKCoy34kmToL9hqF2igovd,eth,m/44'/60'/0',0
ETH,xpub6Bm1h6uHFH38UsVMrrdcwZ7dnSUGFHBUSvdJCjoypPdVz5DcQ26zpEQqnE3qxgboLF9P7bEWYSLh6rW7xfETB7ntZ3E3gJfbrRjJ3ztBjeV,eth,m/44'/60'/0',0
ETH,xpub6CtAsspKyD3kJyW8WofqkkT37aYXRVkXauNFiJ9ZqZhCbZbLsT2XbPQUSEuHPEPSYnuXjdYfwdsha9Msh1L2AvKUJmencmRrgsVvUqKDCMh,eth,m/44'/60'/0',0
ETH,xpub6CtkPcBNytFYAYhj8FLpKXG2QrfimSxV5bJCBdjuvQaiYnymbK4hVnK6ByXtzJiMvrHUoVTngsHmFVXHFyUTPt8khoMvaYf6Nv37vgsT2Ys,eth,m/44'/60'/0',0
ETH,xpub6BpnaTCRPTZ7T5ngjkXqYnfebVBAdPGNwbHxUtfUcJchBj98X9bTm2JjE4hPv8Mhcvo8FBvn3EUxLndboH9SbQfPWT598S6swNNR8fpQQAL,eth,m/44'/60'/0',0
ETH,xpub6CRB4BzkNK4UKso3DW4vU6S7bYZhYckFwCSeWq5fHrQouyUJfyp3diQghC6WaS7neB3CdMXzrDuc2GR2qqq5i1XVqGFkBr47s43ivki1Epu,eth,m/44'/60'/0',0
ETH,xpub6BjKWydZy8V2PiFNGcu8ShZjRdDPT3BWdgfovx5o7oKA6BoJQkdS36h1o734JqaHyPL17CEG6XrKQbSXRPaeQ45esdi8wdtmbcuoNKx4jjM,eth,m/44'/60'/0',0
ETH,xpub6BshzPGwrA8cJbr2ZNnCmgF1DjTswrpwNtupmVmQSbTrcVa3GtcTopAbchJaJt7uFtpAnoWWfLUqAW7WVtjAR8y6MHghq7EDggiABKWwWby,eth,m/44'/60'/0',0
ETH,xpub6BjHg3AW9XyWWFGdYfRkAmUzRE3Z85dwaCWc3bPLyv3UgVxiwEUariyWqHS1HPnMjNevCxR6NHRiasa1Q14ZxwD9ru7MiH9z8Wb37F4Qa8Q,eth,m/44'/60'/0',0
